{
  "project_info": {
    "project_number": "53336233725",
    "project_id": "service-demo-7f433",
    "storage_bucket": "service-demo-7f433.appspot.com"
  },
  "client": [
    {
      "client_info": {
        "mobilesdk_app_id": "1:53336233725:android:ef091883d288579ba99094",
        "android_client_info": {
          "package_name": "com.born1.service_app"
        }
      },
      "oauth_client": [
        {
          "client_id": "53336233725-0ok5asf86ospkn73vjnvvjm5vk78ecj6.apps.googleusercontent.com",
          "client_type": 3
        }
      ],
      "api_key": [
        {
          "current_key": "AIzaSyCC5f9kXlL7nVoPd2NNmfi8dledPgDiGII"
        }
      ],
      "services": {
        "appinvite_service": {
          "other_platform_oauth_client": [
            {
              "client_id": "53336233725-0ok5asf86ospkn73vjnvvjm5vk78ecj6.apps.googleusercontent.com",
              "client_type": 3
            }
          ]
        }
      }
    }
  ],
  "configuration_version": "1"
}